{"cameraMode":{"drawMode":0,"name":"Shaded","section":"Shading Mode"},"sceneLighting":false,"audioPlay":false,"sceneViewState":{"m_AlwaysRefresh":false,"showFog":true,"showSkybox":false,"showFlares":true,"showImageEffects":true,"showParticleSystems":true,"showVisualEffectGraphs":true,"m_FxEnabled":true},"in2DMode":false,"pivot":{"x":0.08367502689361572,"y":-0.001125633716583252,"z":-5.127121448516846},"rotation":{"x":-0.006506521720439196,"y":0.9582573175430298,"z":-0.02186158485710621,"w":-0.28511843085289},"size":1.0576010942459107,"orthographic":true}